scenario,system,seed,task_completion_rate,avg_latency,error_rate,recovery_time_after_failure,resource_efficiency,stability_score,total_arrived,total_completed,total_errors,total_resource_used,mean_reflex_actions,mean_immune_actions,mean_reserve_activations,mean_metabolic_rests,mean_demoted_false_signals,mean_nervous_fast_lane_share,mean_endocrine_throttle_ratio,mean_immune_replacement_ratio,mean_metabolic_recovery_gain
normal,baseline,42,0.7857142857142857,5.318181818181818,0.0,9.5,0.433518328288894,20.12732377006052,42,33,0,76.12134907940732,0.0,0.0,0.0,0.0,0.0,0.0,0.0,0.0,0.0
normal,bio,42,0.9761904761904762,1.9634146341463414,0.0,3.75,0.4782832027725209,15.733301924799035,42,41,0,85.72326973293322,0.0,0.0,0.1,0.0,0.15,0.16666666666666666,0.0,0.1,0.348373701426117
overload,baseline,143,0.2872340425531915,6.981481481481482,0.03571428571428571,0.0,0.33101923028364405,17.62388559685089,94,27,1,81.56625818042117,0.0,0.0,0.0,0.0,0.0,0.0,0.0,0.0,0.0
overload,bio,143,0.5957446808510638,2.8482142857142856,0.017543859649122806,0.0,0.47561885225814177,16.73400603181317,94,56,1,117.74133790980608,0.25,0.15,0.1,0.0,0.1,0.1953968253968254,0.0,0.1,0.40741624109836305
failure_storm,baseline,244,0.5806451612903226,5.791666666666667,0.0,10.0,0.43012419634099724,20.87828067352921,62,36,0,83.69675620726912,0.0,0.0,0.0,0.0,0.0,0.0,0.0,0.0,0.0
failure_storm,bio,244,0.8387096774193549,2.826923076923077,0.0,6.0,0.4382948135957796,15.115760204779683,62,52,0,118.64160466191909,0.1,0.0,0.1,0.0,0.15,0.2005952380952381,0.0,0.1,0.34000549709580385
